metric,value
fold,3.0
accuracy,0.9313725490196078
precision,0.0
recall,0.0
f1,0.0
roc_auc,0.8995098039215685
