proportion,proportion
0,0.9655172413793104
1,0.034482758620689655
